{"mean_yield": 143.40654101675244, "std_dev_yield": 56.09032380666645}